timestamp,project_name,run_id,experiment_id,duration,emissions,emissions_rate,cpu_power,gpu_power,ram_power,cpu_energy,gpu_energy,ram_energy,energy_consumed,country_name,country_iso_code,region,cloud_provider,cloud_region,os,python_version,codecarbon_version,cpu_count,cpu_model,gpu_count,gpu_model,longitude,latitude,ram_total_size,tracking_mode,on_cloud,pue
2025-05-21T13:03:10,codecarbon,e0b717eb-5fc5-4297-ab99-7323fac843fc,5b0fa12a-3dd7-45bb-9766-cc326314d9f1,0.0625693000038154,1.946723854906694e-06,3.1113083489634434e-05,102.5,2.141116091473704,47.48608875274658,1.7144690974722229e-06,3.58333620553708e-08,7.926166886715691e-07,2.5429191481991627e-06,United States,USA,missouri,,,Windows-11-10.0.22631-SP0,3.12.7,2.8.3,56,Intel(R) Xeon(R) Gold 6258R CPU @ 2.70GHz,2,2 x NVIDIA RTX A5000,-91.7636,37.9475,126.62957000732422,machine,N,1.0
2025-05-21T13:03:20,codecarbon,c9dbcc49-0b77-4c63-b3a5-832a35c1d5ef,5b0fa12a-3dd7-45bb-9766-cc326314d9f1,3.675783299986506,0.0001341035771719,3.648299320920914e-05,102.5,21.92528680151519,47.48608875274658,0.0001044458770832,2.234168454001706e-05,4.838600157778004e-05,0.000175173563201,United States,USA,missouri,,,Windows-11-10.0.22631-SP0,3.12.7,2.8.3,56,Intel(R) Xeon(R) Gold 6258R CPU @ 2.70GHz,2,2 x NVIDIA RTX A5000,-91.7636,37.9475,126.62957000732422,machine,N,1.0
2025-05-21T13:03:31,codecarbon,528e136c-6291-47ec-9fd0-f2a6b466e926,5b0fa12a-3dd7-45bb-9766-cc326314d9f1,0.2629288999887649,9.408058934735886e-06,3.578176052589844e-05,102.5,21.861578541021427,47.48608875274658,7.330683263757642e-06,1.5636123619211515e-06,3.3950350630196164e-06,1.228933068869841e-05,United States,USA,missouri,,,Windows-11-10.0.22631-SP0,3.12.7,2.8.3,56,Intel(R) Xeon(R) Gold 6258R CPU @ 2.70GHz,2,2 x NVIDIA RTX A5000,-91.7636,37.9475,126.62957000732422,machine,N,1.0
2025-05-21T13:03:43,codecarbon,a61f6a0f-4bcc-47d2-8924-d813aa66c892,5b0fa12a-3dd7-45bb-9766-cc326314d9f1,6.818435799999861,0.0002460149454188,3.608084795912784e-05,102.5,19.743310852904184,47.48608875274658,0.0001940699381256,3.738141879405799e-05,8.990706989158543e-05,0.0003213584268112,United States,USA,missouri,,,Windows-11-10.0.22631-SP0,3.12.7,2.8.3,56,Intel(R) Xeon(R) Gold 6258R CPU @ 2.70GHz,2,2 x NVIDIA RTX A5000,-91.7636,37.9475,126.62957000732422,machine,N,1.0
2025-05-21T13:03:53,codecarbon,832d351d-d757-4fed-a04f-d4533119c583,5b0fa12a-3dd7-45bb-9766-cc326314d9f1,3.600757000007434,0.0001306433478575,3.628218951106596e-05,102.5,20.73894837093185,47.48608875274658,0.0001024579152079,2.0730572140081893e-05,4.746513155872575e-05,0.0001706536189067,United States,USA,missouri,,,Windows-11-10.0.22631-SP0,3.12.7,2.8.3,56,Intel(R) Xeon(R) Gold 6258R CPU @ 2.70GHz,2,2 x NVIDIA RTX A5000,-91.7636,37.9475,126.62957000732422,machine,N,1.0
2025-05-21T13:03:58,codecarbon,eac234be-0ebc-4972-9622-bbef49c4991c,5b0fa12a-3dd7-45bb-9766-cc326314d9f1,0.2487838999950327,8.762376833968947e-06,3.522083556911802e-05,102.5,17.33190889741569,47.48608875274658,7.012469166471016e-06,1.1858342821025047e-06,3.2476013101701697e-06,1.144590475874369e-05,United States,USA,missouri,,,Windows-11-10.0.22631-SP0,3.12.7,2.8.3,56,Intel(R) Xeon(R) Gold 6258R CPU @ 2.70GHz,2,2 x NVIDIA RTX A5000,-91.7636,37.9475,126.62957000732422,machine,N,1.0
2025-05-21T13:04:09,codecarbon,f8b36397-dab0-4b44-8b93-ada23a56dd42,5b0fa12a-3dd7-45bb-9766-cc326314d9f1,6.901974300009897,0.000248752331007,3.604075010923929e-05,102.5,19.555642341108,47.48608875274658,0.0001964464689589,3.7479474428114834e-05,9.100820897491138e-05,0.000324934152362,United States,USA,missouri,,,Windows-11-10.0.22631-SP0,3.12.7,2.8.3,56,Intel(R) Xeon(R) Gold 6258R CPU @ 2.70GHz,2,2 x NVIDIA RTX A5000,-91.7636,37.9475,126.62957000732422,machine,N,1.0
2025-05-21T13:04:19,codecarbon,b01fa883-8bc0-48fc-bce1-f9ca86efd993,5b0fa12a-3dd7-45bb-9766-cc326314d9f1,3.608444299985422,0.000130777571296,3.624209227686624e-05,102.5,20.54786402070193,47.48608875274658,0.0001026779286104,2.0583627577952512e-05,4.75673928509808e-05,0.0001708289490393,United States,USA,missouri,,,Windows-11-10.0.22631-SP0,3.12.7,2.8.3,56,Intel(R) Xeon(R) Gold 6258R CPU @ 2.70GHz,2,2 x NVIDIA RTX A5000,-91.7636,37.9475,126.62957000732422,machine,N,1.0
2025-05-21T13:04:24,codecarbon,f2b6b63b-d6b5-4eaf-9fd4-843c9ea167df,5b0fa12a-3dd7-45bb-9766-cc326314d9f1,0.2181827999884262,7.835263501779799e-06,3.5911462783479855e-05,102.5,20.751528025115576,47.48608875274658,6.144966111322801e-06,1.2441676620067454e-06,2.845723902885065e-06,1.0234857676214611e-05,United States,USA,missouri,,,Windows-11-10.0.22631-SP0,3.12.7,2.8.3,56,Intel(R) Xeon(R) Gold 6258R CPU @ 2.70GHz,2,2 x NVIDIA RTX A5000,-91.7636,37.9475,126.62957000732422,machine,N,1.0
2025-05-21T13:04:36,codecarbon,7706fc0e-99c0-44d2-94ef-513be84f9b0e,5b0fa12a-3dd7-45bb-9766-cc326314d9f1,7.1021955999895,0.0002593706538671,3.651978465187819e-05,102.5,21.80793726842336,47.48608875274658,0.0002021465793743,4.300892329600625e-05,9.364889454151196e-05,0.0003388043972118,United States,USA,missouri,,,Windows-11-10.0.22631-SP0,3.12.7,2.8.3,56,Intel(R) Xeon(R) Gold 6258R CPU @ 2.70GHz,2,2 x NVIDIA RTX A5000,-91.7636,37.9475,126.62957000732422,machine,N,1.0
2025-05-21T13:04:46,codecarbon,5dd198c0-d30f-4bea-b1ce-33f3d6c61524,5b0fa12a-3dd7-45bb-9766-cc326314d9f1,4.252355100004934,0.0001556503879435,3.660333727617647e-05,102.5,22.2497699738041,47.48608875274658,0.000120999237014,2.626557656804085e-05,5.6054394187765656e-05,0.0002033192077698,United States,USA,missouri,,,Windows-11-10.0.22631-SP0,3.12.7,2.8.3,56,Intel(R) Xeon(R) Gold 6258R CPU @ 2.70GHz,2,2 x NVIDIA RTX A5000,-91.7636,37.9475,126.62957000732422,machine,N,1.0
2025-05-21T13:04:51,codecarbon,eacade0f-593e-4253-95e1-32c1fd416cfc,5b0fa12a-3dd7-45bb-9766-cc326314d9f1,0.2280186999996658,8.268903555421365e-06,3.62641465609333e-05,102.5,22.259767741315404,47.48608875274658,6.42821347224122e-06,1.3961122280470306e-06,2.976976771397418e-06,1.0801302471685669e-05,United States,USA,missouri,,,Windows-11-10.0.22631-SP0,3.12.7,2.8.3,56,Intel(R) Xeon(R) Gold 6258R CPU @ 2.70GHz,2,2 x NVIDIA RTX A5000,-91.7636,37.9475,126.62957000732422,machine,N,1.0
2025-05-21T13:05:04,codecarbon,f798bb3f-2137-4527-a0cf-dee3cfce2651,5b0fa12a-3dd7-45bb-9766-cc326314d9f1,7.467752099997597,0.0002717598804006,3.639112235672201e-05,102.5,21.196137450671905,47.48608875274658,0.0002125593693052,4.395559072001287e-05,9.847293506903476e-05,0.0003549878950943,United States,USA,missouri,,,Windows-11-10.0.22631-SP0,3.12.7,2.8.3,56,Intel(R) Xeon(R) Gold 6258R CPU @ 2.70GHz,2,2 x NVIDIA RTX A5000,-91.7636,37.9475,126.62957000732422,machine,N,1.0
2025-05-21T13:05:13,codecarbon,c08cdfaf-838b-4ce1-bf57-f46e8853ea68,5b0fa12a-3dd7-45bb-9766-cc326314d9f1,3.5469788999762386,0.0001289373138257,3.635130556502252e-05,102.5,21.07607659552577,47.48608875274658,0.0001009205148605,2.0751405490015973e-05,4.675318186332693e-05,0.0001684251022138,United States,USA,missouri,,,Windows-11-10.0.22631-SP0,3.12.7,2.8.3,56,Intel(R) Xeon(R) Gold 6258R CPU @ 2.70GHz,2,2 x NVIDIA RTX A5000,-91.7636,37.9475,126.62957000732422,machine,N,1.0
2025-05-21T13:05:18,codecarbon,a0d44dbb-eb42-4222-8dd9-0ea6ff4b23a8,5b0fa12a-3dd7-45bb-9766-cc326314d9f1,0.2300950000062585,7.862185916977042e-06,3.416930362138766e-05,102.5,12.263504260900971,47.48608875274658,6.488668542119234e-06,7.763895099599516e-07,3.004967182671413e-06,1.02700252347506e-05,United States,USA,missouri,,,Windows-11-10.0.22631-SP0,3.12.7,2.8.3,56,Intel(R) Xeon(R) Gold 6258R CPU @ 2.70GHz,2,2 x NVIDIA RTX A5000,-91.7636,37.9475,126.62957000732422,machine,N,1.0
2025-05-21T13:05:30,codecarbon,20a0c72c-152c-48d1-b1bd-0a78b3e3fcc4,5b0fa12a-3dd7-45bb-9766-cc326314d9f1,7.509475200000452,0.0002716850861023,3.617897108207149e-05,102.5,20.20146989479179,47.48608875274658,0.0002137428627776,4.212614481197141e-05,9.902118702557504e-05,0.0003548901946151,United States,USA,missouri,,,Windows-11-10.0.22631-SP0,3.12.7,2.8.3,56,Intel(R) Xeon(R) Gold 6258R CPU @ 2.70GHz,2,2 x NVIDIA RTX A5000,-91.7636,37.9475,126.62957000732422,machine,N,1.0
2025-05-21T13:05:40,codecarbon,28b59d82-7c19-494e-95c5-941c6bc71f15,5b0fa12a-3dd7-45bb-9766-cc326314d9f1,3.672280900005717,0.0001361380288966,3.707179069455268e-05,102.5,24.45602914281145,47.48608875274658,0.0001044919394445,2.4931408833861468e-05,4.8407729101485206e-05,0.0001778310773799,United States,USA,missouri,,,Windows-11-10.0.22631-SP0,3.12.7,2.8.3,56,Intel(R) Xeon(R) Gold 6258R CPU @ 2.70GHz,2,2 x NVIDIA RTX A5000,-91.7636,37.9475,126.62957000732422,machine,N,1.0
2025-05-21T13:05:45,codecarbon,d2519d30-6bb5-4f56-8714-d6d9d3f39bb9,5b0fa12a-3dd7-45bb-9766-cc326314d9f1,0.2309344999957829,8.140919597135298e-06,3.525207189607424e-05,102.5,17.662768486411007,47.48608875274658,6.502312430489433e-06,1.1205564520166966e-06,3.011253813081524e-06,1.0634122695587656e-05,United States,USA,missouri,,,Windows-11-10.0.22631-SP0,3.12.7,2.8.3,56,Intel(R) Xeon(R) Gold 6258R CPU @ 2.70GHz,2,2 x NVIDIA RTX A5000,-91.7636,37.9475,126.62957000732422,machine,N,1.0
2025-05-21T13:05:57,codecarbon,ce37a131-c1ad-4380-a3bd-c4ca51a0310d,5b0fa12a-3dd7-45bb-9766-cc326314d9f1,7.45771539999987,0.0002775139174529,3.721165297524528e-05,102.5,25.06143654177002,47.48608875274658,0.0002122668940972,5.1899763742035976e-05,9.833748100098308e-05,0.0003625041388403,United States,USA,missouri,,,Windows-11-10.0.22631-SP0,3.12.7,2.8.3,56,Intel(R) Xeon(R) Gold 6258R CPU @ 2.70GHz,2,2 x NVIDIA RTX A5000,-91.7636,37.9475,126.62957000732422,machine,N,1.0
2025-05-21T13:06:07,codecarbon,342681ff-d8f2-4b2b-9745-617564f19f5e,5b0fa12a-3dd7-45bb-9766-cc326314d9f1,3.755841300007887,0.0001395889319567,3.7165822729645154e-05,102.5,24.904582318678383,47.48608875274658,0.0001068661754167,2.5965576328002005e-05,4.950708745674385e-05,0.0001823388392014,United States,USA,missouri,,,Windows-11-10.0.22631-SP0,3.12.7,2.8.3,56,Intel(R) Xeon(R) Gold 6258R CPU @ 2.70GHz,2,2 x NVIDIA RTX A5000,-91.7636,37.9475,126.62957000732422,machine,N,1.0
2025-05-21T13:06:12,codecarbon,8ebd56c1-ee8b-4b3d-927e-275b6d4191e6,5b0fa12a-3dd7-45bb-9766-cc326314d9f1,0.2291170999815222,7.78128693687523e-06,3.396205231954653e-05,102.5,11.436933169043268,47.48608875274658,6.454795139123033e-06,7.202783540161128e-07,2.989276987047693e-06,1.016435048018684e-05,United States,USA,missouri,,,Windows-11-10.0.22631-SP0,3.12.7,2.8.3,56,Intel(R) Xeon(R) Gold 6258R CPU @ 2.70GHz,2,2 x NVIDIA RTX A5000,-91.7636,37.9475,126.62957000732422,machine,N,1.0
2025-05-21T13:06:24,codecarbon,c6e85ae0-1b46-447e-9687-a3883b4315cf,5b0fa12a-3dd7-45bb-9766-cc326314d9f1,7.349220000003697,0.0002665804406796,3.627329712261838e-05,102.5,20.646646251452065,47.48608875274658,0.0002091796937505,4.213531148611338e-05,9.690721715552734e-05,0.0003482222223922,United States,USA,missouri,,,Windows-11-10.0.22631-SP0,3.12.7,2.8.3,56,Intel(R) Xeon(R) Gold 6258R CPU @ 2.70GHz,2,2 x NVIDIA RTX A5000,-91.7636,37.9475,126.62957000732422,machine,N,1.0
2025-05-21T13:06:34,codecarbon,1ee3742a-7740-46aa-ac7c-3011f1b5ea9a,5b0fa12a-3dd7-45bb-9766-cc326314d9f1,3.478258699993603,0.0001265757666672,3.639055561552223e-05,102.5,21.26352535724486,47.48608875274658,9.896368166656532e-05,2.053001642393637e-05,4.584661966692958e-05,0.0001653403177574,United States,USA,missouri,,,Windows-11-10.0.22631-SP0,3.12.7,2.8.3,56,Intel(R) Xeon(R) Gold 6258R CPU @ 2.70GHz,2,2 x NVIDIA RTX A5000,-91.7636,37.9475,126.62957000732422,machine,N,1.0
2025-05-21T13:06:39,codecarbon,5e53e796-4da3-4f34-af04-1c638bf7d0f8,5b0fa12a-3dd7-45bb-9766-cc326314d9f1,0.2449961999955121,8.429350321540769e-06,3.440604516190528e-05,102.5,13.31247460975296,47.48608875274658,6.912027708171486e-06,8.977784960451096e-07,3.2010807716108886e-06,1.1010886975827483e-05,United States,USA,missouri,,,Windows-11-10.0.22631-SP0,3.12.7,2.8.3,56,Intel(R) Xeon(R) Gold 6258R CPU @ 2.70GHz,2,2 x NVIDIA RTX A5000,-91.7636,37.9475,126.62957000732422,machine,N,1.0
2025-05-21T13:06:51,codecarbon,d51e1dd4-9d65-4379-a8c1-c6ee6f1f8386,5b0fa12a-3dd7-45bb-9766-cc326314d9f1,7.211878700007219,0.000265868217915,3.686532025486614e-05,102.5,23.42797373759995,47.48608875274658,0.0002052746886115,4.6918926424111e-05,9.509826230463835e-05,0.0003472918773402,United States,USA,missouri,,,Windows-11-10.0.22631-SP0,3.12.7,2.8.3,56,Intel(R) Xeon(R) Gold 6258R CPU @ 2.70GHz,2,2 x NVIDIA RTX A5000,-91.7636,37.9475,126.62957000732422,machine,N,1.0
2025-05-21T13:07:00,codecarbon,e98bdaee-99be-41aa-bfd8-c9aec921242c,5b0fa12a-3dd7-45bb-9766-cc326314d9f1,3.677313599997433,0.0001341295229241,3.647486657767209e-05,102.5,21.654815277434064,47.48608875274658,0.0001046304938197,2.2105017683959893e-05,4.847194348431899e-05,0.000175207454988,United States,USA,missouri,,,Windows-11-10.0.22631-SP0,3.12.7,2.8.3,56,Intel(R) Xeon(R) Gold 6258R CPU @ 2.70GHz,2,2 x NVIDIA RTX A5000,-91.7636,37.9475,126.62957000732422,machine,N,1.0
2025-05-21T13:07:05,codecarbon,c7bb84da-98a3-4da8-b172-1fe27d7466b7,5b0fa12a-3dd7-45bb-9766-cc326314d9f1,0.2191897999728098,7.80885234159884e-06,3.56259841587862e-05,102.5,19.23106814555727,47.48608875274658,6.179280832980618e-06,1.1594453720453757e-06,2.8616317424361093e-06,1.0200357947462104e-05,United States,USA,missouri,,,Windows-11-10.0.22631-SP0,3.12.7,2.8.3,56,Intel(R) Xeon(R) Gold 6258R CPU @ 2.70GHz,2,2 x NVIDIA RTX A5000,-91.7636,37.9475,126.62957000732422,machine,N,1.0
2025-05-21T13:07:17,codecarbon,068acaae-3a05-4a08-8a69-bb3abad30542,5b0fa12a-3dd7-45bb-9766-cc326314d9f1,7.037773600022774,0.0002583729554966,3.671231417501849e-05,102.5,22.71815633640224,47.48608875274658,0.0002003076952089,4.4396424405956925e-05,9.27970284053487e-05,0.0003375011480202,United States,USA,missouri,,,Windows-11-10.0.22631-SP0,3.12.7,2.8.3,56,Intel(R) Xeon(R) Gold 6258R CPU @ 2.70GHz,2,2 x NVIDIA RTX A5000,-91.7636,37.9475,126.62957000732422,machine,N,1.0
2025-05-21T13:07:27,codecarbon,accac1fe-62db-47dc-bf53-c89609c9e81d,5b0fa12a-3dd7-45bb-9766-cc326314d9f1,3.846126099990215,0.0001422063059103,3.697390626655782e-05,102.5,23.994692492441068,47.48608875274658,0.0001094389823608,2.561918716209588e-05,5.069962934655258e-05,0.0001857577988695,United States,USA,missouri,,,Windows-11-10.0.22631-SP0,3.12.7,2.8.3,56,Intel(R) Xeon(R) Gold 6258R CPU @ 2.70GHz,2,2 x NVIDIA RTX A5000,-91.7636,37.9475,126.62957000732422,machine,N,1.0
2025-05-21T13:07:32,codecarbon,8c195544-8675-46f0-8e50-58da6fc59f95,5b0fa12a-3dd7-45bb-9766-cc326314d9f1,0.2251458999817259,7.859543920686559e-06,3.49086699838837e-05,102.5,16.048089699173257,47.48608875274658,6.3386455555397946e-06,9.92500794105844e-07,2.9354277623688803e-06,1.0266574112014518e-05,United States,USA,missouri,,,Windows-11-10.0.22631-SP0,3.12.7,2.8.3,56,Intel(R) Xeon(R) Gold 6258R CPU @ 2.70GHz,2,2 x NVIDIA RTX A5000,-91.7636,37.9475,126.62957000732422,machine,N,1.0
2025-05-21T13:07:44,codecarbon,78453cae-632d-4888-a46a-0afe34e932ae,5b0fa12a-3dd7-45bb-9766-cc326314d9f1,6.945990900014294,0.0002504475883142,3.605642332668607e-05,102.5,19.63139776931822,47.48608875274658,0.000197696809514,3.786419695805954e-05,9.158758542464622e-05,0.0003271485918967,United States,USA,missouri,,,Windows-11-10.0.22631-SP0,3.12.7,2.8.3,56,Intel(R) Xeon(R) Gold 6258R CPU @ 2.70GHz,2,2 x NVIDIA RTX A5000,-91.7636,37.9475,126.62957000732422,machine,N,1.0
2025-05-21T13:07:53,codecarbon,4dc427f6-3856-4d37-b894-a955d0af9813,5b0fa12a-3dd7-45bb-9766-cc326314d9f1,3.574180499999784,0.000129407184566,3.6206113419854975e-05,102.5,20.64295996045533,47.48608875274658,0.0001015455712499,2.045084969404254e-05,4.704245260660689e-05,0.0001690388735505,United States,USA,missouri,,,Windows-11-10.0.22631-SP0,3.12.7,2.8.3,56,Intel(R) Xeon(R) Gold 6258R CPU @ 2.70GHz,2,2 x NVIDIA RTX A5000,-91.7636,37.9475,126.62957000732422,machine,N,1.0
2025-05-21T13:07:59,codecarbon,e64b585f-2a3b-4dae-b2d2-a68338fd94af,5b0fa12a-3dd7-45bb-9766-cc326314d9f1,0.232148800016148,8.149538898494684e-06,3.5104807338775004e-05,102.5,16.659999189585093,47.48608875274658,6.548443125676487e-06,1.064445296072858e-06,3.0324932854416424e-06,1.0645381707190989e-05,United States,USA,missouri,,,Windows-11-10.0.22631-SP0,3.12.7,2.8.3,56,Intel(R) Xeon(R) Gold 6258R CPU @ 2.70GHz,2,2 x NVIDIA RTX A5000,-91.7636,37.9475,126.62957000732422,machine,N,1.0
2025-05-21T13:08:11,codecarbon,c356fec6-12a3-40fc-b99b-a1b30072b986,5b0fa12a-3dd7-45bb-9766-cc326314d9f1,7.423312700004317,0.0002705165435595,3.644148569403391e-05,102.5,21.438053962142373,47.48608875274658,0.0002112882724995,4.419142424200162e-05,9.788408250649442e-05,0.000353363779248,United States,USA,missouri,,,Windows-11-10.0.22631-SP0,3.12.7,2.8.3,56,Intel(R) Xeon(R) Gold 6258R CPU @ 2.70GHz,2,2 x NVIDIA RTX A5000,-91.7636,37.9475,126.62957000732422,machine,N,1.0
2025-05-21T13:08:20,codecarbon,688ea7b3-fff3-492d-bfbb-d136df18de5f,5b0fa12a-3dd7-45bb-9766-cc326314d9f1,3.582752000016626,0.0001289899314739,3.6003031042432595e-05,102.5,19.4615739073522,47.48608875274658,0.000101923653889,1.9352237704051145e-05,4.721794272413358e-05,0.0001684938343171,United States,USA,missouri,,,Windows-11-10.0.22631-SP0,3.12.7,2.8.3,56,Intel(R) Xeon(R) Gold 6258R CPU @ 2.70GHz,2,2 x NVIDIA RTX A5000,-91.7636,37.9475,126.62957000732422,machine,N,1.0
2025-05-21T13:08:25,codecarbon,8f153a0f-45b9-4db1-a7f0-cb99f046c906,5b0fa12a-3dd7-45bb-9766-cc326314d9f1,0.234800299978815,8.465893539488498e-06,3.605571858405776e-05,102.5,21.27813192266789,47.48608875274658,6.619071319295876e-06,1.374167766077239e-06,3.065382677502813e-06,1.1058621762875928e-05,United States,USA,missouri,,,Windows-11-10.0.22631-SP0,3.12.7,2.8.3,56,Intel(R) Xeon(R) Gold 6258R CPU @ 2.70GHz,2,2 x NVIDIA RTX A5000,-91.7636,37.9475,126.62957000732422,machine,N,1.0
2025-05-21T13:08:37,codecarbon,4eff561e-d42f-4bec-a524-8e4694d8d976,5b0fa12a-3dd7-45bb-9766-cc326314d9f1,7.171234199980972,0.0002574526084567,3.590073915831804e-05,102.5,18.892741044425428,47.48608875274658,0.0002041153993748,3.762253009809147e-05,9.45610099726177e-05,0.0003362989394455,United States,USA,missouri,,,Windows-11-10.0.22631-SP0,3.12.7,2.8.3,56,Intel(R) Xeon(R) Gold 6258R CPU @ 2.70GHz,2,2 x NVIDIA RTX A5000,-91.7636,37.9475,126.62957000732422,machine,N,1.0
2025-05-21T13:08:47,codecarbon,3c39b4fc-26b8-4290-b6b9-d0ac80d54355,5b0fa12a-3dd7-45bb-9766-cc326314d9f1,3.6536584999994375,0.0001365818056979,3.738220353598842e-05,102.5,25.925900004845207,47.48608875274658,0.0001039566189584,2.6294465479970164e-05,4.8159678921589017e-05,0.0001784107633599,United States,USA,missouri,,,Windows-11-10.0.22631-SP0,3.12.7,2.8.3,56,Intel(R) Xeon(R) Gold 6258R CPU @ 2.70GHz,2,2 x NVIDIA RTX A5000,-91.7636,37.9475,126.62957000732422,machine,N,1.0
2025-05-21T13:08:52,codecarbon,8c6d3cf2-f9da-4f1d-b0c9-29801ca0a1d3,5b0fa12a-3dd7-45bb-9766-cc326314d9f1,0.2378114000021014,8.402159891233432e-06,3.533119056176107e-05,102.5,17.850574134826054,47.48608875274658,6.703423124943382e-06,1.1675009340406106e-06,3.1044452620399985e-06,1.0975369321023991e-05,United States,USA,missouri,,,Windows-11-10.0.22631-SP0,3.12.7,2.8.3,56,Intel(R) Xeon(R) Gold 6258R CPU @ 2.70GHz,2,2 x NVIDIA RTX A5000,-91.7636,37.9475,126.62957000732422,machine,N,1.0
2025-05-21T13:09:04,codecarbon,849feb99-a790-416a-88b0-9cc84788da74,5b0fa12a-3dd7-45bb-9766-cc326314d9f1,7.3935204000154044,0.0002677994004045,3.622082389926648e-05,102.5,20.39625320492764,47.48608875274658,0.0002104450590973,4.187614461209632e-05,9.749329178183734e-05,0.0003498144954913,United States,USA,missouri,,,Windows-11-10.0.22631-SP0,3.12.7,2.8.3,56,Intel(R) Xeon(R) Gold 6258R CPU @ 2.70GHz,2,2 x NVIDIA RTX A5000,-91.7636,37.9475,126.62957000732422,machine,N,1.0
2025-05-21T13:09:14,codecarbon,3d16893c-cc4c-4730-b723-5a62f08d00f0,5b0fa12a-3dd7-45bb-9766-cc326314d9f1,3.552126800001133,0.0001285044144832,3.617675317310405e-05,102.5,20.243580103134885,47.48608875274658,0.0001010735701394,1.996196041392784e-05,4.682409442311979e-05,0.0001678596249765,United States,USA,missouri,,,Windows-11-10.0.22631-SP0,3.12.7,2.8.3,56,Intel(R) Xeon(R) Gold 6258R CPU @ 2.70GHz,2,2 x NVIDIA RTX A5000,-91.7636,37.9475,126.62957000732422,machine,N,1.0
2025-05-21T13:09:19,codecarbon,fad458e6-6591-430d-bcd2-9e98fae4c256,5b0fa12a-3dd7-45bb-9766-cc326314d9f1,0.216255600011209,7.456926020805534e-06,3.4482001947783195e-05,102.5,14.305794512195838,47.48608875274658,6.077751736625538e-06,8.483340119824767e-07,2.8145664333727947e-06,9.740652181980807e-06,United States,USA,missouri,,,Windows-11-10.0.22631-SP0,3.12.7,2.8.3,56,Intel(R) Xeon(R) Gold 6258R CPU @ 2.70GHz,2,2 x NVIDIA RTX A5000,-91.7636,37.9475,126.62957000732422,machine,N,1.0
2025-05-21T13:09:32,codecarbon,1ee74ec1-c9f5-452b-9617-7db6e3202cb5,5b0fa12a-3dd7-45bb-9766-cc326314d9f1,8.384591199981514,0.0003052347524033,3.6404249786685225e-05,102.5,21.254449658097982,47.48608875274658,0.0002386605102775,4.948892848011255e-05,0.0001105651989789,0.0003987146377366,United States,USA,missouri,,,Windows-11-10.0.22631-SP0,3.12.7,2.8.3,56,Intel(R) Xeon(R) Gold 6258R CPU @ 2.70GHz,2,2 x NVIDIA RTX A5000,-91.7636,37.9475,126.62957000732422,machine,N,1.0
2025-05-21T13:09:42,codecarbon,d853ab2a-c874-4558-a975-3a40c947b907,5b0fa12a-3dd7-45bb-9766-cc326314d9f1,3.702592700021341,0.0001352705280596,3.6534001716930064e-05,102.5,21.92729662428932,47.48608875274658,0.0001053533067363,2.2537795807964223e-05,4.8806796915290336e-05,0.0001766978994596,United States,USA,missouri,,,Windows-11-10.0.22631-SP0,3.12.7,2.8.3,56,Intel(R) Xeon(R) Gold 6258R CPU @ 2.70GHz,2,2 x NVIDIA RTX A5000,-91.7636,37.9475,126.62957000732422,machine,N,1.0
2025-05-21T13:09:47,codecarbon,69683749-336d-401f-a66c-dfe949314195,5b0fa12a-3dd7-45bb-9766-cc326314d9f1,0.2315574999956879,8.09560443624321e-06,3.496152979883599e-05,102.5,16.080584073509243,47.48608875274658,6.527703958535211e-06,1.0241674860966832e-06,3.023058063362269e-06,1.0574929507994163e-05,United States,USA,missouri,,,Windows-11-10.0.22631-SP0,3.12.7,2.8.3,56,Intel(R) Xeon(R) Gold 6258R CPU @ 2.70GHz,2,2 x NVIDIA RTX A5000,-91.7636,37.9475,126.62957000732422,machine,N,1.0
2025-05-21T13:09:59,codecarbon,240de6ff-5146-455f-982c-ba4b18ca9502,5b0fa12a-3dd7-45bb-9766-cc326314d9f1,7.365354499983368,0.0002652294047518,3.601040584705586e-05,102.5,19.40990169467279,47.48608875274658,0.000209639027569,3.969836509204461e-05,9.71200313381664e-05,0.0003464574239992,United States,USA,missouri,,,Windows-11-10.0.22631-SP0,3.12.7,2.8.3,56,Intel(R) Xeon(R) Gold 6258R CPU @ 2.70GHz,2,2 x NVIDIA RTX A5000,-91.7636,37.9475,126.62957000732422,machine,N,1.0
2025-05-21T13:10:09,codecarbon,e9270efd-9a19-4f34-a4a2-275742d77a3c,5b0fa12a-3dd7-45bb-9766-cc326314d9f1,3.6278132000006735,0.0001328379535882,3.661653626161908e-05,102.5,22.32468999031824,47.48608875274658,0.0001032203187501,2.248168465185385e-05,4.781833176805696e-05,0.00017352033517,United States,USA,missouri,,,Windows-11-10.0.22631-SP0,3.12.7,2.8.3,56,Intel(R) Xeon(R) Gold 6258R CPU @ 2.70GHz,2,2 x NVIDIA RTX A5000,-91.7636,37.9475,126.62957000732422,machine,N,1.0
2025-05-21T13:10:14,codecarbon,722999ed-c461-46d1-9bdd-22ef31f40405,5b0fa12a-3dd7-45bb-9766-cc326314d9f1,0.244264100008877,8.358641330867197e-06,3.421968815951026e-05,102.5,12.489295738007163,47.48608875274658,6.888837083917882e-06,8.394451160298466e-07,3.1902407531754263e-06,1.0918522953123156e-05,United States,USA,missouri,,,Windows-11-10.0.22631-SP0,3.12.7,2.8.3,56,Intel(R) Xeon(R) Gold 6258R CPU @ 2.70GHz,2,2 x NVIDIA RTX A5000,-91.7636,37.9475,126.62957000732422,machine,N,1.0
2025-05-21T13:10:26,codecarbon,0148f3b6-de9e-4f24-95f2-1cedf4192d28,5b0fa12a-3dd7-45bb-9766-cc326314d9f1,7.539124799979618,0.0002761040286206,3.662282240259457e-05,102.5,22.28530280537347,47.48608875274658,0.0002145918218749,4.665614843613053e-05,9.9414493193837e-05,0.0003606624635048,United States,USA,missouri,,,Windows-11-10.0.22631-SP0,3.12.7,2.8.3,56,Intel(R) Xeon(R) Gold 6258R CPU @ 2.70GHz,2,2 x NVIDIA RTX A5000,-91.7636,37.9475,126.62957000732422,machine,N,1.0
2025-05-21T13:10:36,codecarbon,ed61e095-f316-4208-a73f-5f7be58aa415,5b0fa12a-3dd7-45bb-9766-cc326314d9f1,3.59483210000326,0.0001310871021092,3.646543105841482e-05,102.5,21.601943442743,47.48608875274658,0.0001022887161803,2.1557517245918145e-05,4.738704200487303e-05,0.0001712332754311,United States,USA,missouri,,,Windows-11-10.0.22631-SP0,3.12.7,2.8.3,56,Intel(R) Xeon(R) Gold 6258R CPU @ 2.70GHz,2,2 x NVIDIA RTX A5000,-91.7636,37.9475,126.62957000732422,machine,N,1.0
2025-05-21T13:10:41,codecarbon,d6b24dcc-7935-457b-9b19-3e3d6459bb77,5b0fa12a-3dd7-45bb-9766-cc326314d9f1,0.2155358000018168,7.632577042590618e-06,3.541210806987183e-05,102.5,18.464371524378947,47.48608875274658,6.067299582981731e-06,1.0930564300348775e-06,2.809741318861666e-06,9.970097331878276e-06,United States,USA,missouri,,,Windows-11-10.0.22631-SP0,3.12.7,2.8.3,56,Intel(R) Xeon(R) Gold 6258R CPU @ 2.70GHz,2,2 x NVIDIA RTX A5000,-91.7636,37.9475,126.62957000732422,machine,N,1.0
2025-05-21T13:10:53,codecarbon,299064bc-4e7e-4a4b-97c0-aeae6963d322,5b0fa12a-3dd7-45bb-9766-cc326314d9f1,7.0267731999920215,0.0002596324605043,3.694903095842301e-05,102.5,23.820984205164244,47.48608875274658,0.0002000069715966,4.648170385196382e-05,9.265770817759114e-05,0.0003391463836262,United States,USA,missouri,,,Windows-11-10.0.22631-SP0,3.12.7,2.8.3,56,Intel(R) Xeon(R) Gold 6258R CPU @ 2.70GHz,2,2 x NVIDIA RTX A5000,-91.7636,37.9475,126.62957000732422,machine,N,1.0
2025-05-21T13:11:02,codecarbon,74c28908-c87a-4cb3-a05e-d794be93ad54,5b0fa12a-3dd7-45bb-9766-cc326314d9f1,3.6930343999993056,0.0001349024466642,3.6528889810580585e-05,102.5,21.90921983400224,47.48608875274658,0.0001050776700003,2.246029574598518e-05,4.8679125289317454e-05,0.0001762170910356,United States,USA,missouri,,,Windows-11-10.0.22631-SP0,3.12.7,2.8.3,56,Intel(R) Xeon(R) Gold 6258R CPU @ 2.70GHz,2,2 x NVIDIA RTX A5000,-91.7636,37.9475,126.62957000732422,machine,N,1.0
2025-05-21T13:11:07,codecarbon,75a2a932-cdf9-4eca-a5b2-6e1c1645a36a,5b0fa12a-3dd7-45bb-9766-cc326314d9f1,0.2385235000110697,8.705081177603236e-06,3.649569613559771e-05,102.5,23.43648297306094,47.48608875274658,6.721383402752205e-06,1.5369456740632614e-06,3.112732903732554e-06,1.137106198054802e-05,United States,USA,missouri,,,Windows-11-10.0.22631-SP0,3.12.7,2.8.3,56,Intel(R) Xeon(R) Gold 6258R CPU @ 2.70GHz,2,2 x NVIDIA RTX A5000,-91.7636,37.9475,126.62957000732422,machine,N,1.0
2025-05-21T13:11:20,codecarbon,cefabc98-fb64-4aad-ab43-dba94e57e0fa,5b0fa12a-3dd7-45bb-9766-cc326314d9f1,7.423858199996175,0.000268124584178,3.61166090400564e-05,102.5,19.910400535416173,47.48608875274658,0.0002113031549307,4.104531061410732e-05,9.78908031068428e-05,0.0003502392686517,United States,USA,missouri,,,Windows-11-10.0.22631-SP0,3.12.7,2.8.3,56,Intel(R) Xeon(R) Gold 6258R CPU @ 2.70GHz,2,2 x NVIDIA RTX A5000,-91.7636,37.9475,126.62957000732422,machine,N,1.0
2025-05-21T13:11:29,codecarbon,b592fb5f-2c92-49be-b55c-a628120b4265,5b0fa12a-3dd7-45bb-9766-cc326314d9f1,3.5235981000005268,0.0001270204645508,3.60485109101574e-05,102.5,19.640175475379184,47.48608875274658,0.0001002617729861,1.9211404257979403e-05,4.644802966224113e-05,0.0001659212069063,United States,USA,missouri,,,Windows-11-10.0.22631-SP0,3.12.7,2.8.3,56,Intel(R) Xeon(R) Gold 6258R CPU @ 2.70GHz,2,2 x NVIDIA RTX A5000,-91.7636,37.9475,126.62957000732422,machine,N,1.0
2025-05-21T13:11:34,codecarbon,322074af-e73a-4972-a5e5-36425493775e,5b0fa12a-3dd7-45bb-9766-cc326314d9f1,0.233342099993024,7.988615492628427e-06,3.4235637259059785e-05,102.5,12.61960084162051,47.48608875274658,6.578566735798733e-06,8.100006479994093e-07,3.0466072058608404e-06,1.0435174589658985e-05,United States,USA,missouri,,,Windows-11-10.0.22631-SP0,3.12.7,2.8.3,56,Intel(R) Xeon(R) Gold 6258R CPU @ 2.70GHz,2,2 x NVIDIA RTX A5000,-91.7636,37.9475,126.62957000732422,machine,N,1.0
2025-05-21T13:11:46,codecarbon,1e0feac6-5914-405b-9ef0-a00765cf20fb,5b0fa12a-3dd7-45bb-9766-cc326314d9f1,7.279853600019123,0.0002670433832521,3.668252109512554e-05,102.5,22.572658142962183,47.48608875274658,0.0002072040034028,4.563086983799813e-05,9.59920705294262e-05,0.0003488269437702,United States,USA,missouri,,,Windows-11-10.0.22631-SP0,3.12.7,2.8.3,56,Intel(R) Xeon(R) Gold 6258R CPU @ 2.70GHz,2,2 x NVIDIA RTX A5000,-91.7636,37.9475,126.62957000732422,machine,N,1.0
2025-05-21T13:11:56,codecarbon,25f1e8eb-8945-462c-8054-18d7db2dc366,5b0fa12a-3dd7-45bb-9766-cc326314d9f1,3.686896200000774,0.0001347017035724,3.653525791489841e-05,102.5,21.937315423697573,47.48608875274658,0.0001049041517361,2.245196240596714e-05,4.859875508405592e-05,0.0001759548692261,United States,USA,missouri,,,Windows-11-10.0.22631-SP0,3.12.7,2.8.3,56,Intel(R) Xeon(R) Gold 6258R CPU @ 2.70GHz,2,2 x NVIDIA RTX A5000,-91.7636,37.9475,126.62957000732422,machine,N,1.0
2025-05-21T13:12:01,codecarbon,204663d0-7dec-451d-9191-4632c6a8d191,5b0fa12a-3dd7-45bb-9766-cc326314d9f1,0.2290740000025835,8.074419306828092e-06,3.524808274503885e-05,102.5,17.524403926867027,47.48608875274658,6.45450187465839e-06,1.103611993846787e-06,2.9891424432567656e-06,1.0547256311761944e-05,United States,USA,missouri,,,Windows-11-10.0.22631-SP0,3.12.7,2.8.3,56,Intel(R) Xeon(R) Gold 6258R CPU @ 2.70GHz,2,2 x NVIDIA RTX A5000,-91.7636,37.9475,126.62957000732422,machine,N,1.0
2025-05-21T13:12:13,codecarbon,3763cdd9-f263-4675-b734-5c2f840fe295,5b0fa12a-3dd7-45bb-9766-cc326314d9f1,7.311919699975988,0.0002681231096074,3.66693181283558e-05,102.5,22.505917199895062,47.48608875274658,0.0002081224090966,4.5697536557920415e-05,9.641739683080474e-05,0.0003502373424853,United States,USA,missouri,,,Windows-11-10.0.22631-SP0,3.12.7,2.8.3,56,Intel(R) Xeon(R) Gold 6258R CPU @ 2.70GHz,2,2 x NVIDIA RTX A5000,-91.7636,37.9475,126.62957000732422,machine,N,1.0
2025-05-21T13:12:22,codecarbon,f0a18a23-b591-4aa4-9103-939b8b131b73,5b0fa12a-3dd7-45bb-9766-cc326314d9f1,3.50224739999976,0.0001292679032663,3.690998621810163e-05,102.5,23.70699446238212,47.48608875274658,9.964678722218296e-05,2.304724066004571e-05,4.616290867561375e-05,0.0001688569365578,United States,USA,missouri,,,Windows-11-10.0.22631-SP0,3.12.7,2.8.3,56,Intel(R) Xeon(R) Gold 6258R CPU @ 2.70GHz,2,2 x NVIDIA RTX A5000,-91.7636,37.9475,126.62957000732422,machine,N,1.0
2025-05-21T13:12:27,codecarbon,dc98cf13-8225-4112-aeda-31179c25abf9,5b0fa12a-3dd7-45bb-9766-cc326314d9f1,0.2232271000102628,7.832724069349809e-06,3.5088589463329954e-05,102.5,16.881392713459558,47.48608875274658,6.285462291897502e-06,1.035278605954204e-06,2.910799630255071e-06,1.0231540528106777e-05,United States,USA,missouri,,,Windows-11-10.0.22631-SP0,3.12.7,2.8.3,56,Intel(R) Xeon(R) Gold 6258R CPU @ 2.70GHz,2,2 x NVIDIA RTX A5000,-91.7636,37.9475,126.62957000732422,machine,N,1.0
2025-05-21T13:12:39,codecarbon,b622ba65-47f9-46d8-ae9f-e92cfe4e0180,5b0fa12a-3dd7-45bb-9766-cc326314d9f1,7.244445699994685,0.0002666036855538,3.680111586095207e-05,102.5,23.13370862293113,47.48608875274658,0.0002061926273615,4.6536703895927456e-05,9.552325488448376e-05,0.0003482525861419,United States,USA,missouri,,,Windows-11-10.0.22631-SP0,3.12.7,2.8.3,56,Intel(R) Xeon(R) Gold 6258R CPU @ 2.70GHz,2,2 x NVIDIA RTX A5000,-91.7636,37.9475,126.62957000732422,machine,N,1.0
2025-05-21T13:12:49,codecarbon,afc9719b-d657-4277-b79b-0c91dd51e3ca,5b0fa12a-3dd7-45bb-9766-cc326314d9f1,3.722107700014021,0.0001357553379293,3.6472705485886885e-05,102.5,21.87336357779014,47.48608875274658,0.0001057640498616,2.257001805594516e-05,4.899711720182089e-05,0.0001773311851194,United States,USA,missouri,,,Windows-11-10.0.22631-SP0,3.12.7,2.8.3,56,Intel(R) Xeon(R) Gold 6258R CPU @ 2.70GHz,2,2 x NVIDIA RTX A5000,-91.7636,37.9475,126.62957000732422,machine,N,1.0
2025-05-21T13:12:54,codecarbon,c64301c4-135d-4f6f-a10c-ce9de41f716f,5b0fa12a-3dd7-45bb-9766-cc326314d9f1,0.2253702000016346,7.87735712177288e-06,3.4952966815114614e-05,102.5,16.16686018123291,47.48608875274658,6.348442847229308e-06,1.0013896901139852e-06,2.940010170275556e-06,1.0289842707618848e-05,United States,USA,missouri,,,Windows-11-10.0.22631-SP0,3.12.7,2.8.3,56,Intel(R) Xeon(R) Gold 6258R CPU @ 2.70GHz,2,2 x NVIDIA RTX A5000,-91.7636,37.9475,126.62957000732422,machine,N,1.0
2025-05-21T13:13:06,codecarbon,2a5874e9-c6a4-4573-9107-85cb654cae5e,5b0fa12a-3dd7-45bb-9766-cc326314d9f1,7.360552199999802,0.0002665083159318,3.620765245464183e-05,102.5,20.337274868263567,47.48608875274658,0.0002095029161109,4.156808881000673e-05,9.705700410776136e-05,0.0003481280090287,United States,USA,missouri,,,Windows-11-10.0.22631-SP0,3.12.7,2.8.3,56,Intel(R) Xeon(R) Gold 6258R CPU @ 2.70GHz,2,2 x NVIDIA RTX A5000,-91.7636,37.9475,126.62957000732422,machine,N,1.0
2025-05-21T13:13:16,codecarbon,97044440-89c1-40cb-960b-08bda91312d8,5b0fa12a-3dd7-45bb-9766-cc326314d9f1,3.732097400003113,0.0001372646845121,3.677950219415087e-05,102.5,23.098865073213386,47.48608875274658,0.0001061827652076,2.3928908031989327e-05,4.919110446954735e-05,0.0001793027777092,United States,USA,missouri,,,Windows-11-10.0.22631-SP0,3.12.7,2.8.3,56,Intel(R) Xeon(R) Gold 6258R CPU @ 2.70GHz,2,2 x NVIDIA RTX A5000,-91.7636,37.9475,126.62957000732422,machine,N,1.0
2025-05-21T13:13:21,codecarbon,33bf9aae-c515-4708-83ff-10a9ecf2a064,5b0fa12a-3dd7-45bb-9766-cc326314d9f1,0.2356135000009089,8.220076803072109e-06,3.48879703541622e-05,102.5,20.87256247031208,47.48608875274658,6.442139236100452e-06,1.311945493964739e-06,2.983437517640402e-06,1.0737522247705594e-05,United States,USA,missouri,,,Windows-11-10.0.22631-SP0,3.12.7,2.8.3,56,Intel(R) Xeon(R) Gold 6258R CPU @ 2.70GHz,2,2 x NVIDIA RTX A5000,-91.7636,37.9475,126.62957000732422,machine,N,1.0
2025-05-21T13:13:33,codecarbon,c25d1adf-34c3-4368-9ac2-ce940a6a5969,5b0fa12a-3dd7-45bb-9766-cc326314d9f1,7.620266600017203,0.0002799497477566,3.673752671015768e-05,102.5,22.82697426404187,47.48608875274658,0.0002168987039582,4.830392753191193e-05,0.0001004833245891,0.0003656859560792,United States,USA,missouri,,,Windows-11-10.0.22631-SP0,3.12.7,2.8.3,56,Intel(R) Xeon(R) Gold 6258R CPU @ 2.70GHz,2,2 x NVIDIA RTX A5000,-91.7636,37.9475,126.62957000732422,machine,N,1.0
2025-05-21T13:13:43,codecarbon,35045cdb-b626-4b40-9fee-350681297cdb,5b0fa12a-3dd7-45bb-9766-cc326314d9f1,3.706459799985169,0.0001357620438817,3.662849490026159e-05,102.5,22.37326451507296,47.48608875274658,0.0001054625119442,2.302001841597568e-05,4.885741444777959e-05,0.000177339944808,United States,USA,missouri,,,Windows-11-10.0.22631-SP0,3.12.7,2.8.3,56,Intel(R) Xeon(R) Gold 6258R CPU @ 2.70GHz,2,2 x NVIDIA RTX A5000,-91.7636,37.9475,126.62957000732422,machine,N,1.0
2025-05-21T13:13:48,codecarbon,7b9e23af-cf05-43f4-9c44-fe97a1cde75f,5b0fa12a-3dd7-45bb-9766-cc326314d9f1,0.2162779000063892,7.52800418666065e-06,3.480708933477835e-05,102.5,15.570393383285715,47.48608875274658,6.08877902773707e-06,9.250007400596338e-07,2.819718674076736e-06,9.83349844187344e-06,United States,USA,missouri,,,Windows-11-10.0.22631-SP0,3.12.7,2.8.3,56,Intel(R) Xeon(R) Gold 6258R CPU @ 2.70GHz,2,2 x NVIDIA RTX A5000,-91.7636,37.9475,126.62957000732422,machine,N,1.0
2025-05-21T13:14:00,codecarbon,384a9cc0-7472-4d3f-966a-9ef221c025b7,5b0fa12a-3dd7-45bb-9766-cc326314d9f1,7.295468099997379,0.0002636207495934,3.613486427191136e-05,102.5,20.002072550514573,47.48608875274658,0.000207641706875,4.051975463792434e-05,9.61946475027448e-05,0.0003443561090157,United States,USA,missouri,,,Windows-11-10.0.22631-SP0,3.12.7,2.8.3,56,Intel(R) Xeon(R) Gold 6258R CPU @ 2.70GHz,2,2 x NVIDIA RTX A5000,-91.7636,37.9475,126.62957000732422,machine,N,1.0
2025-05-21T13:14:10,codecarbon,5b18dc16-090b-4caa-81be-a39ce3b1aa8a,5b0fa12a-3dd7-45bb-9766-cc326314d9f1,3.637115300021833,0.0001346380708876,3.7017817633330665e-05,102.5,24.20958838456414,47.48608875274658,0.0001034868272918,2.4442797332047128e-05,4.794212404441109e-05,0.0001758717486682,United States,USA,missouri,,,Windows-11-10.0.22631-SP0,3.12.7,2.8.3,56,Intel(R) Xeon(R) Gold 6258R CPU @ 2.70GHz,2,2 x NVIDIA RTX A5000,-91.7636,37.9475,126.62957000732422,machine,N,1.0
2025-05-21T13:14:15,codecarbon,36eff26d-73f4-444e-bbf7-344d14440124,5b0fa12a-3dd7-45bb-9766-cc326314d9f1,0.2336776000156533,8.391096059933011e-06,3.59088592974719e-05,102.5,20.541545406369988,47.48608875274658,6.5889334721254685e-06,1.3205566120055856e-06,3.05142704409971e-06,1.0960917128230765e-05,United States,USA,missouri,,,Windows-11-10.0.22631-SP0,3.12.7,2.8.3,56,Intel(R) Xeon(R) Gold 6258R CPU @ 2.70GHz,2,2 x NVIDIA RTX A5000,-91.7636,37.9475,126.62957000732422,machine,N,1.0
2025-05-21T13:14:27,codecarbon,db703efa-774e-49fa-8e9c-0a7523a59f36,5b0fa12a-3dd7-45bb-9766-cc326314d9f1,7.553177299996605,0.0002724958774084,3.60769867547716e-05,102.5,19.719886393598745,47.48608875274658,0.0002149889381944,4.136169975604842e-05,9.95986574365442e-05,0.000355949295387,United States,USA,missouri,,,Windows-11-10.0.22631-SP0,3.12.7,2.8.3,56,Intel(R) Xeon(R) Gold 6258R CPU @ 2.70GHz,2,2 x NVIDIA RTX A5000,-91.7636,37.9475,126.62957000732422,machine,N,1.0
2025-05-21T13:14:36,codecarbon,03b1f984-6bcd-4eb2-8b4f-03bbd3f9bcdc,5b0fa12a-3dd7-45bb-9766-cc326314d9f1,3.658895299973665,0.0001326075050114,3.62424978414774e-05,102.5,20.5513205077402,47.48608875274658,0.0001041125527777,2.0874738921983216e-05,4.8232018701511167e-05,0.0001732193104012,United States,USA,missouri,,,Windows-11-10.0.22631-SP0,3.12.7,2.8.3,56,Intel(R) Xeon(R) Gold 6258R CPU @ 2.70GHz,2,2 x NVIDIA RTX A5000,-91.7636,37.9475,126.62957000732422,machine,N,1.0
2025-05-21T13:14:42,codecarbon,371c1527-3373-4c10-8c2e-43b5bc2fdcbd,5b0fa12a-3dd7-45bb-9766-cc326314d9f1,0.2281223000027239,7.75936599099406e-06,3.401406171558593e-05,102.5,11.624203742636324,47.48608875274658,6.429147361611993e-06,7.291672500242541e-07,2.977401507859238e-06,1.0135716119495484e-05,United States,USA,missouri,,,Windows-11-10.0.22631-SP0,3.12.7,2.8.3,56,Intel(R) Xeon(R) Gold 6258R CPU @ 2.70GHz,2,2 x NVIDIA RTX A5000,-91.7636,37.9475,126.62957000732422,machine,N,1.0
2025-05-21T13:14:54,codecarbon,8f0222ae-5224-4968-a090-0cc45d059e86,5b0fa12a-3dd7-45bb-9766-cc326314d9f1,7.231937500007916,0.0002647805847968,3.661267603550456e-05,102.5,22.24341849958476,47.48608875274658,0.0002058411263893,4.466948018000405e-05,9.536054380162762e-05,0.0003458711503709,United States,USA,missouri,,,Windows-11-10.0.22631-SP0,3.12.7,2.8.3,56,Intel(R) Xeon(R) Gold 6258R CPU @ 2.70GHz,2,2 x NVIDIA RTX A5000,-91.7636,37.9475,126.62957000732422,machine,N,1.0
2025-05-21T13:15:03,codecarbon,001a593f-93c3-4e39-ac4b-aa75c897ff46,5b0fa12a-3dd7-45bb-9766-cc326314d9f1,3.5411822000169195,0.0001282876040351,3.622733787448297e-05,102.5,20.49028689768401,47.48608875274658,0.0001007569931949,2.0141960557995556e-05,4.667746133805948e-05,0.000167576415091,United States,USA,missouri,,,Windows-11-10.0.22631-SP0,3.12.7,2.8.3,56,Intel(R) Xeon(R) Gold 6258R CPU @ 2.70GHz,2,2 x NVIDIA RTX A5000,-91.7636,37.9475,126.62957000732422,machine,N,1.0
2025-05-21T13:15:08,codecarbon,b3ebd7f6-22cd-4e62-80da-4c0796239078,5b0fa12a-3dd7-45bb-9766-cc326314d9f1,0.2211507000029087,7.904975743559248e-06,3.574474665219363e-05,102.50000000000001,20.1894887004984,47.48608875274658,6.220124236016191e-06,1.225278758010262e-06,2.8805166959596734e-06,1.0325919689986126e-05,United States,USA,missouri,,,Windows-11-10.0.22631-SP0,3.12.7,2.8.3,56,Intel(R) Xeon(R) Gold 6258R CPU @ 2.70GHz,2,2 x NVIDIA RTX A5000,-91.7636,37.9475,126.62957000732422,machine,N,1.0
